Location,Unicorn
Sprinkletown,Adiana
Sparkleville,Alairia
Rainbowdale,Alanala
Tinkledell,Albany
Springfield,Aletha
Glitterton,Alize
Andalasia,Allena
Sprinkletown,Amandaria
Sparkleville,Amara
Rainbowdale,Andra
Tinkledell,Angelina
Springfield,Annamika
Glitterton,Astra
Andalasia,Bennettia
Sprinkletown,Bellini
Sparkleville,Benicia
Rainbowdale,Biancha
Tinkledell,Boaz
Springfield,Bonita
Glitterton,Breanna
Andalasia,Bryanne
Sprinkletown,Celina
Sparkleville,Celestia
Rainbowdale,Clementine
Tinkledell,Cortesia
Springfield,Danika
Glitterton,Della
Andalasia,Demetrius
Sprinkletown,Denali
Sparkleville,Dessa
Rainbowdale,Deva
Tinkledell,Drisana
Springfield,Dulcea
Glitterton,Duscha
Andalasia,Electra
Sprinkletown,Elita
Sparkleville,Etana
Rainbowdale,Eternia
Tinkledell,Evania
Springfield,Faith
Glitterton,Felicia
Andalasia,Fenella
Sprinkletown,Fernaco
Sparkleville,Freya
Rainbowdale,Estrellita
Tinkledell,Fleta
Springfield,Floriana
Glitterton,Gerda
Andalasia,Giulio
Sprinkletown,Gratiana
Sparkleville,Yana
Rainbowdale,Felicity
